id,name,email,city,phone,age
1,Ed Grady,Madie.Zieme67@example.com,South Tedbury,(543) 803-6304 x08488,48
2,Sheri Dickinson,Rachael37@example.org,Midland,666.975.5071 x128,37
3,Emilio Lindgren,Connie5@example.org,Pittsburg,378-259-9284 x6682,65
4,Hosea Trantow,Justine.Wunsch2@example.net,South Valley,1-500-651-8049 x1016,29
5,Clifton Bayer,Edmund_Abbott@example.com,Port Williehaven,(795) 583-5354,60
6,Luna Bins,August94@example.org,Muncie,519-487-9500,61
7,Wilson Zboncak,Julius_Prohaska47@example.org,Mount Pleasant,1-203-684-8537,22
8,Sim Ebert,Delia29@example.com,West Hyman,(863) 604-6699 x64537,51
9,Dr. Judson Windler,Soledad.Pagac@example.org,South Kaitlin,1-976-623-4145,40
10,Madisen Hintz,Jazmyne.Mraz@example.com,Des Moines,1-253-842-4404 x69027,42
11,Lyla Schmidt II,Benjamin.Will@example.net,North Richland Hills,(685) 233-5064,65
12,Dr. Micheal Legros,Roxanne34@example.com,Baldwin Park,1-567-274-4726 x8354,55
13,Winfield Friesen,Taurean_Rempel43@example.net,Margarettborough,(394) 968-6843 x09678,31
14,Kylie Jerde,Brandi_Kuhlman@example.com,North Blairstad,(384) 481-0589,49
15,Abdullah Thompson,Alexandre.Marks59@example.com,Port Carrollstad,(478) 837-1384 x646,31
16,Corey Schuster Sr.,Sonia.Hickle@example.com,Tustin,328-834-4442 x161,20
17,Maia Cassin,Harvey_Mraz8@example.net,West Emmanuelle,(777) 390-4410 x516,51
18,Lukas Wilkinson,Hilda.Connelly11@example.com,Emardchester,1-856-474-8661,54
19,Pat Mayert PhD,Spencer42@example.org,Parisianbury,1-962-886-2158 x24980,37
20,June Gutkowski PhD,Candice_Murazik18@example.net,Fort Noahton,285-614-9472 x1995,32
21,Eloise Baumbach,Justin.Price56@example.com,Camilleport,1-391-853-7847 x9222,21
22,Miss Yvette Carroll,Jaylon.Lynch2@example.net,North Barryfort,388.730.8024,25
23,Kaitlyn Hudson DVM,Lucio.Crona@example.net,Altadena,201-391-8750 x57523,45
24,Vivianne Schuster,Dominick69@example.com,West Deborah,477-748-5967,35
25,Jordan Schulist,Benton_Schmitt35@example.net,Lake Robyn,861.757.7393,52
26,Forrest Cormier-Rice,Drew41@example.org,East Orlando,594-982-3648 x59203,30
27,Dr. Deangelo Lynch,Tammy43@example.net,New Jesus,763.671.3463 x35445,65
28,Mrs. Pascale Tromp-Gibson Sr.,Cornelius78@example.com,Skilestown,1-582-369-2837,25
29,Miss Jaylin Lang,Andrew.Turner@example.org,Bahringerville,(768) 354-5020 x785,59
30,Mr. Norman Mayert,Ann.Macejkovic@example.org,Crooksfort,(551) 891-2024 x52235,44
31,Bernita Schowalter-Denesik,Emilio.Schaden0@example.net,Strongsville,1-399-777-3599 x46291,54
32,Miss Geraldine Koepp,Hoyt.Bashirian@example.org,Domingoside,401-665-0764,40
33,Gabriel Terry,Pascale.Auer-Blanda35@example.com,Patrickchester,234.773.6204 x43201,29
34,Samson DuBuque,Damon_Weimann44@example.org,West Palm Beach,785.833.1822 x32466,25
35,Dr. Todd Corwin,Angelica.Mohr85@example.com,Franeckiside,333-451-2159 x246,56
36,Al Dibbert,Wilbert.Becker22@example.org,Lake Normanbury,732-793-4247 x64015,29
37,Ashleigh Flatley,Lance_Hayes-Buckridge82@example.net,Huntsville,464.282.5209 x611,32
38,Gretchen Cronin,Royce.Hane72@example.com,Donhaven,704.312.7689 x268,24
39,Kelvin Wyman Jr.,Ima.Stehr@example.net,New Itzeltown,(497) 625-4067,40
40,Adrienne Bayer,Al_Bosco16@example.org,Albertaborough,(220) 273-9506 x10193,22
41,Claudia Carroll,Sadye_Howe35@example.net,Philadelphia,875-542-6827,31
42,Tonya Erdman,Estelle.Stoltenberg0@example.net,Santa Maria,1-524-901-0913 x838,34
43,Antonia McDermott,Delbert.Shields@example.org,East Moniquetown,1-869-223-0310 x654,54
44,Brando Denesik,Sonia_Skiles@example.org,Ann Arbor,1-232-260-2933 x7693,56
45,Don Bogisich,Tim_Hamill61@example.org,Little-Daughertyfort,939-754-3364 x638,41
46,Carole Ledner MD,Virginia.Brekke18@example.net,Dickenshaven,302.394.9834 x8506,19
47,Ethyl Swaniawski-Koepp,Evalyn37@example.org,Fort Dejah,798.903.3026,44
48,Isaiah Kub,Dwayne65@example.net,Emilefurt,431-569-3230,18
49,Barton Kulas,Darren.Kihn@example.net,New Earnestfield,(297) 767-8098 x094,30
50,Kristie O'Hara,Tom1@example.com,Prosaccofurt,394.440.5714 x02977,51
51,Laurel Smith,Mazie.Lang@example.org,Coral Springs,(553) 964-3426,31
52,Dr. Iva Haag,Clifford.Feest8@example.org,Rancho Palos Verdes,(470) 421-6510 x922,19
53,Dr. Marlee Casper,Candice.Paucek@example.org,South Brisaboro,785-954-7394,44
54,Dr. Chaim Paucek,Ray91@example.com,Naomimouth,748-792-9857 x3557,28
55,Rodrigo Botsford,Timothy83@example.net,Rippinside,741-489-7428 x285,40
56,Ms. Betsy Corwin,Ocie.Leuschke-Ebert@example.org,South Abigayleside,260-639-3348,20
57,Mathew O'Conner,Arthur17@example.com,East Ernestcester,1-628-240-8564 x6719,58
58,Brycen Hodkiewicz,Claudine_Jacobi@example.org,Auburn,247-927-1045,28
59,Javier Price DVM,Carlos_Auer60@example.net,Walshside,(309) 986-3914 x83116,19
60,Jonatan Lebsack,Elmer64@example.net,Waltermouth,881-207-8947 x576,
61,Marianne Pollich-Tromp,Christine_Daniel20@example.com,East Jennifer,1-690-422-7433,49
62,Wilford O'Hara,Deangelo_Lesch30@example.com,Lake Benberg,1-454-330-7481 x023,41
63,Colton Cronin-Olson,Anais.Schmitt@example.org,Elsieside,412.981.3579 x0297,48
64,Immanuel Ledner IV,Cedric.Mante@example.org,York,(766) 868-2597,65
65,,Ira.Bayer69@example.com,Port Andreachester,(303) 350-1591 x489,39
66,Dave Dibbert DVM,Christine_Nicolas@example.com,Fort Cary,377-746-2563 x78040,48
67,Conor Thiel,Jorge.Pacocha68@example.com,Batztown,1-785-837-0241 x9203,55
68,Dr. Tim Bernhard,Frances71@example.com,Bradtketon,1-565-884-7340 x5661,29
69,Jo Zboncak,Cassandre_Rodriguez@example.com,Lake Dustinborough,252.440.0759 x83001,50
70,Emil Gislason,Aubree61@example.net,Lake Kentonstead,299.515.7545,47
71,Michael Hessel,Martha_Thiel43@example.net,Melvinberg,796.882.4045 x9379,52
72,Shari McCullough-Kohler,America.Cruickshank@example.org,Memphis,513.905.9285,65
73,Rudolph Auer,Sterling36@example.org,East Loyalton,,51
74,Lue Rohan PhD,Celestino.Murphy72@example.org,Emardchester,1-415-618-7636 x085,29
75,Pamela Brakus,Adrain17@example.org,Port Rubieville,650-585-1304 x626,30
76,Estelle Balistreri,Darren_Reinger88@example.net,Lake Jeffhaven,222-723-2516,21
77,Mr. Jimmie Hamill,Elian.Witting21@example.org,Fort Rosendo,431.496.6613,46
78,Mr. Aubree Rau,Lee.Luettgen78@example.com,West Mackenzieland,739-719-5794,25
79,Mireille Rosenbaum,Lila_Conroy@example.com,Las Cruces,(417) 879-1529,61
80,Garrett Hayes,Bernadette.OHara13@example.net,New Matthew,630.521.6707 x30966,46
81,Martin Krajcik,Frankie.Ritchie@example.org,Pico Rivera,486-266-3971 x3911,36
82,Tim O'Reilly-Franecki,Keon28@example.com,North Angelica,(732) 768-9329,64
83,Giovani Wuckert,Tommy_Weimann@example.com,Hirtheburgh,424-560-6835,34
84,Mitchell Halvorson,Beulah_Stokes-Schmitt@example.net,Port Evert,(794) 678-0754 x1507,57
85,Izabella Kertzmann,Birdie6@example.com,Rodriguezview,1-796-409-3505 x1522,54
86,Stephen Beer,Nettie_Crooks90@example.net,Manhattan,360-875-3377 x2218,25
87,Arturo Lakin,Payton.Parker@example.org,West Grady,390.726.5373 x54016,57
88,Otis Botsford,Celestine_Bahringer@example.org,South Dorthyview,1-533-973-5214 x868,60
89,Dane Mante,Kasey.Fritsch@example.net,Haneton,(530) 904-4615,31
90,Terence Boyer,Shane_Jaskolski@example.com,Sengerburgh,521.247.7221 x5815,56
91,Roosevelt Bashirian,Terrence.Champlin@example.com,Omarberg,(582) 416-8962 x68919,38
92,Dr. James Lowe,Dominic_Rutherford@example.org,Fernandoland,885-866-6674,19
93,Mrs. Tracy Stiedemann IV,Matt_Vandervort24@example.com,Middletown,359.302.7857 x14977,56
94,Hassie Herman,Allan_Stark48@example.org,Nitzschestad,921.602.7006 x55813,47
95,Junior Schmitt,Carlos_Mayert@example.net,Howellville,1-955-504-6232 x37194,60
96,Jacqueline Moen,Kate_Buckridge@example.org,Bothell,(454) 550-9025,26
97,Dorothea Balistreri DVM,Tevin_Medhurst55@example.com,Mountain View,(988) 840-0815 x3743,65
98,Alexander Daugherty MD,Shelly15@example.com,Garden Grove,(804) 906-6394,28
99,Lucille McClure,Daisy_Moen@example.net,East Dawnside,(214) 523-4940 x7334,20
100,Danika Zemlak,Nick58@example.net,Attleboro,490-359-5053 x40010,
